n,title,citation,doi,pmid,url,validated_via,source_family,is_oa
1,WHF Roadmap for Integrated Care in People Living with – or at Risk of – Cardiovascular Disease and Multiple Long-Term Conditions,"Laurence Sperling, Vilma Irazola, Jackie Partarrieu et al. (2026). WHF Roadmap for Integrated Care in People Living with – or at Risk of – Cardiovascular Disease and Multiple Long-Term Conditions. Global Heart. https://doi.org/10.5334/gh.1541",10.5334/gh.1541,,https://doi.org/10.5334/gh.1541,crossref,un_agency,yes
2,Treatment gaps in guideline-directed medical therapy for HFrEF in Singapore: findings from a multicentre retrospective cohort study,"Sameera Senanayake, Audry Shan Yin Lee, Nicholas Graves et al. (2026). Treatment gaps in guideline-directed medical therapy for HFrEF in Singapore: findings from a multicentre retrospective cohort study. BMJ Open. https://doi.org/10.1136/bmjopen-2025-107127",10.1136/bmjopen-2025-107127,,https://doi.org/10.1136/bmjopen-2025-107127,crossref,international_guideline,yes
3,Rapid Uptitration of Guideline-Directed Medical Therapy for Heart Failure,"Prateeti Khazanie, Savitri E. Fedson (2026). Rapid Uptitration of Guideline-Directed Medical Therapy for Heart Failure. JACC: Heart Failure. https://doi.org/10.1016/j.jchf.2025.102730",10.1016/j.jchf.2025.102730,,https://doi.org/10.1016/j.jchf.2025.102730,crossref,international_guideline,no
4,"A Phase III, Randomized, Open Label, Active Controlled, Prospective, Parallel Group, Comparative, Multicentric Clinical Study to Evaluate the Efficacy, Safety and Tolerability of Fixed Dose Combination of Dapagliflozin and Sacubitril/Valsartan Tablets Versus Concomitant Administration of Dapagliflozin and Sacubitril/Valsartan Tablets in Patients with Heart Failure with Reduced Ejection Fraction (HFrEF)","Prashant Kumthekar, Mihir Upadhyay, Sunil Mirajkar et al. (2026). A Phase III, Randomized, Open Label, Active Controlled, Prospective, Parallel Group, Comparative, Multicentric Clinical Study to Evaluate the Efficacy, Safety and Tolerability of Fixed Dose Combination of Dapagliflozin and Sacubitril/Valsartan Tablets Versus Concomitant Administration of Dapagliflozin and Sacubitril/Valsartan Tablets in Patients with Heart Failure with Reduced Ejection Fraction (HFrEF). SN Comprehensive Clinical Medicine. https://doi.org/10.1007/s42399-026-02451-3",10.1007/s42399-026-02451-3,,https://doi.org/10.1007/s42399-026-02451-3,crossref,paywalled_journal,no
5,Tirzepatide for Heart Failure with Preserved Ejection Fraction and Obesity,"Milton Packer, Michael R. Zile, Christopher M. Kramer et al. (2025). Tirzepatide for Heart Failure with Preserved Ejection Fraction and Obesity. New England Journal of Medicine. https://doi.org/10.1056/nejmoa2410027",10.1056/nejmoa2410027,,https://doi.org/10.1056/nejmoa2410027,crossref,paywalled_journal,no
6,The HeartMagic prospective observational study protocol – characterizing subtypes of heart failure with preserved ejection fraction,"Philippe Meyer, Angela Rocca, Jaume Banus et al. (2025). The HeartMagic prospective observational study protocol – characterizing subtypes of heart failure with preserved ejection fraction. Indexed journal. https://doi.org/10.1101/2025.04.10.25325567",10.1101/2025.04.10.25325567,,https://doi.org/10.1101/2025.04.10.25325567,crossref,open_access,yes
7,The Cardiovascular Physiology of Glucagon-like Peptide-1 Receptor Agonists: From Macro-level Outcomes to Micro-level Mechanisms,Masab Mansoor (2025). The Cardiovascular Physiology of Glucagon-like Peptide-1 Receptor Agonists: From Macro-level Outcomes to Micro-level Mechanisms. Indexed journal. https://doi.org/10.20944/preprints202507.1487.v1,10.20944/preprints202507.1487.v1,,https://doi.org/10.20944/preprints202507.1487.v1,crossref,open_access,yes
8,Systematic Review and Meta‑Analysis of Circulating Biomarkers in Chronic Heart Failure v1,"Diana Gabriela Ilaș, Sebastian Ciurescu (2025). Systematic Review and Meta‑Analysis of Circulating Biomarkers in Chronic Heart Failure v1. Indexed journal. https://doi.org/10.17504/protocols.io.dm6gpmwnpgzp/v1",10.17504/protocols.io.dm6gpmwnpgzp/v1,,https://doi.org/10.17504/protocols.io.dm6gpmwnpgzp/v1,crossref,paywalled_journal,yes
9,Simplified and refined murine model of reversible aortic constriction for characterizing cardiac functional recovery,"Elnaz Ghajar-Rahimi, Pierre Sicard, Laura Castel et al. (2025). Simplified and refined murine model of reversible aortic constriction for characterizing cardiac functional recovery. Indexed journal. https://doi.org/10.1101/2025.04.05.646758",10.1101/2025.04.05.646758,,https://doi.org/10.1101/2025.04.05.646758,crossref,open_access,yes
10,"Sex-based differences in characteristics, management, and outcomes in heart failure with reduced ejection fraction","Christian Basile, Stefan D. Anker, Gianluigi Savarese (2025). Sex-based differences in characteristics, management, and outcomes in heart failure with reduced ejection fraction. Global Cardiology. https://doi.org/10.4081/cardio.2025.73",10.4081/cardio.2025.73,,https://doi.org/10.4081/cardio.2025.73,crossref,open_access,yes
11,"Review for ""Comparative Effectiveness of Pharmacotherapy for Heart Failure with Preserved Ejection Fraction: A Systematic Review and Network Meta-Analysis"""," (2025). Review for ""Comparative Effectiveness of Pharmacotherapy for Heart Failure with Preserved Ejection Fraction: A Systematic Review and Network Meta-Analysis"". Indexed journal. https://doi.org/10.1111/dom.70503/v1/review1",10.1111/dom.70503/v1/review1,,https://doi.org/10.1111/dom.70503/v1/review1,crossref,paywalled_journal,no
12,Positive Psychological Experiences in Chronic Heart Failure: A Qualitative Meta‐Synthesis,"Yingjie Li, Xiaoyun Xiong, Huiwen Wang et al. (2025). Positive Psychological Experiences in Chronic Heart Failure: A Qualitative Meta‐Synthesis. Journal of Advanced Nursing. https://doi.org/10.1111/jan.16824",10.1111/jan.16824,39989370,https://doi.org/10.1111/jan.16824,crossref,paywalled_journal,no
13,Diuretic strategies in acute heart failure: a systematic review and network meta-analysis of randomized clinical trials,"Antonio Cannatà, Gianluca Anastasia, Vincenzo De Marzo et al. (2025). Diuretic strategies in acute heart failure: a systematic review and network meta-analysis of randomized clinical trials. European Heart Journal - Cardiovascular Pharmacotherapy. https://doi.org/10.1093/ehjcvp/pvaf067",10.1093/ehjcvp/pvaf067,40929381,https://doi.org/10.1093/ehjcvp/pvaf067,crossref,paywalled_journal,yes
14,Cardiac Resynchronization and Guideline-Directed Heart Failure Therapy,Maya Guglin (2025). Cardiac Resynchronization and Guideline-Directed Heart Failure Therapy. JACC: Heart Failure. https://doi.org/10.1016/j.jchf.2025.102682,10.1016/j.jchf.2025.102682,,https://doi.org/10.1016/j.jchf.2025.102682,crossref,international_guideline,no
15,2025 Heart Disease and Stroke Statistics: A Report of US and Global Data From the American Heart Association,"Seth S. Martin, Aaron W. Aday, Norrina B. Allen et al. (2025). 2025 Heart Disease and Stroke Statistics: A Report of US and Global Data From the American Heart Association. Circulation. https://doi.org/10.1161/cir.0000000000001303",10.1161/cir.0000000000001303,39866113,https://doi.org/10.1161/cir.0000000000001303,crossref,paywalled_journal,yes
16,"WHO NCD department — Surveillance, monitoring and reporting"," (2024). WHO NCD department — Surveillance, monitoring and reporting. World Health Organization.",,,https://www.who.int/teams/noncommunicable-diseases/surveillance,official_url,un_agency,yes
17,WHO Department of Noncommunicable Diseases, (2024). WHO Department of Noncommunicable Diseases. World Health Organization.,,,https://www.who.int/teams/noncommunicable-diseases,official_url,un_agency,yes
18,WFP — Ending malnutrition, (2024). WFP — Ending malnutrition. World Food Programme.,,,https://www.wfp.org/ending-malnutrition,official_url,un_agency,yes
19,UNODC — United Nations Office on Drugs and Crime, (2024). UNODC — United Nations Office on Drugs and Crime. UNODC.,,,https://www.unodc.org/,official_url,un_agency,yes
20,UNFPA — United Nations Population Fund, (2024). UNFPA — United Nations Population Fund. UNFPA.,,,https://www.unfpa.org/,official_url,un_agency,yes
21,UNESCO — Health education, (2024). UNESCO — Health education. UNESCO.,,,https://www.unesco.org/en/health-education,official_url,un_agency,yes
22,UNDRR — United Nations Office for Disaster Risk Reduction, (2024). UNDRR — United Nations Office for Disaster Risk Reduction. UNDRR.,,,https://www.undrr.org/,official_url,un_agency,yes
23,UNAIDS — Joint United Nations Programme on HIV/AIDS, (2024). UNAIDS — Joint United Nations Programme on HIV/AIDS. UNAIDS.,,,https://www.unaids.org/en,official_url,un_agency,yes
24,UN Department of Economic and Social Affairs, (2024). UN Department of Economic and Social Affairs. United Nations DESA.,,,https://www.un.org/development/desa/en/,official_url,un_agency,yes
25,The efficacy and safety of Panax quinquefolius saponin for Heart Failure: A systematic review and meta-analysis,Jing Wang (2024). The efficacy and safety of Panax quinquefolius saponin for Heart Failure: A systematic review and meta-analysis. Indexed journal. https://doi.org/10.37766/inplasy2024.4.0050,10.37766/inplasy2024.4.0050,,https://doi.org/10.37766/inplasy2024.4.0050,crossref,paywalled_journal,yes
26,Noncommunicable diseases — World Bank brief, (2024). Noncommunicable diseases — World Bank brief. World Bank.,,,https://www.worldbank.org/en/topic/health/brief/noncommunicable-diseases,official_url,un_agency,yes
27,National Programme for Prevention and Control of NCDs (NPCDCS) — NHM, (2024). National Programme for Prevention and Control of NCDs (NPCDCS) — NHM. National Health Mission (India).,,,https://nhm.gov.in/index1.php?lang=1&level=2&sublinkid=1048&lid=611,official_url,national_guideline,yes
28,"National Health Mission, Government of India"," (2024). National Health Mission, Government of India. National Health Mission (India).",,,https://nhm.gov.in/,official_url,national_guideline,yes
29,"Lived Experience of Adult With Heart Failure at Tibebe Ghion Specialized Teaching Hospital Northwest Ethiopia, Qualitative Phenomenological Study","Geta Mengistu, Habtamu Wondiye, Eyob Bogale et al. (2024). Lived Experience of Adult With Heart Failure at Tibebe Ghion Specialized Teaching Hospital Northwest Ethiopia, Qualitative Phenomenological Study. Risk Management and Healthcare Policy. https://doi.org/10.2147/rmhp.s443475",10.2147/rmhp.s443475,,https://doi.org/10.2147/rmhp.s443475,crossref,paywalled_journal,yes
30,KDIGO Clinical Practice Guidelines, (2024). KDIGO Clinical Practice Guidelines. KDIGO.,,,https://kdigo.org/guidelines/,official_url,international_guideline,yes
31,Indian Council of Medical Research, (2024). Indian Council of Medical Research. Indian Council of Medical Research.,,,https://www.icmr.gov.in/,official_url,national_guideline,yes
32,ILO — Safety and health at work, (2024). ILO — Safety and health at work. International Labour Organization.,,,https://www.ilo.org/topics-and-sectors/safety-and-health-work,official_url,un_agency,yes
33,Finerenone in Heart Failure with Mildly Reduced or Preserved Ejection Fraction,"Scott D. Solomon, John J.V. McMurray, Muthiah Vaduganathan et al. (2024). Finerenone in Heart Failure with Mildly Reduced or Preserved Ejection Fraction. New England Journal of Medicine. https://doi.org/10.1056/nejmoa2407107",10.1056/nejmoa2407107,,https://doi.org/10.1056/nejmoa2407107,crossref,paywalled_journal,yes
35,Cardiovascular diseases — WHO health topic, (2024). Cardiovascular diseases — WHO health topic. World Health Organization.,,,https://www.who.int/health-topics/cardiovascular-diseases,official_url,un_agency,yes
36,ACC Guidelines and Clinical Documents, (2024). ACC Guidelines and Clinical Documents. American College of Cardiology.,,,https://www.acc.org/Guidelines,official_url,international_guideline,yes
37,2024 Heart Disease and Stroke Statistics: A Report of US and Global Data From the American Heart Association,"Seth S. Martin, Aaron W. Aday, Zaid I. Almarzooq et al. (2024). 2024 Heart Disease and Stroke Statistics: A Report of US and Global Data From the American Heart Association. Circulation. https://doi.org/10.1161/cir.0000000000001209",10.1161/cir.0000000000001209,38264914,https://doi.org/10.1161/cir.0000000000001209,crossref,paywalled_journal,yes
38,2023 ACC/AHA/ACCP/HRS Guideline for the Diagnosis and Management of Atrial Fibrillation: A Report of the American College of Cardiology/American Heart Association Joint Committee on Clinical Practice Guidelines,"José A. Joglar, Mina K. Chung, Anastasia L. Armbruster et al. (2024). 2023 ACC/AHA/ACCP/HRS Guideline for the Diagnosis and Management of Atrial Fibrillation: A Report of the American College of Cardiology/American Heart Association Joint Committee on Clinical Practice Guidelines. Circulation. https://doi.org/10.1161/cir.0000000000001193",10.1161/cir.0000000000001193,38033089,https://doi.org/10.1161/cir.0000000000001193,crossref,national_guideline,yes
39,WHO NCD department — Hypertension, (2023). WHO NCD department — Hypertension. World Health Organization.,,,https://www.who.int/teams/noncommunicable-diseases/hypertension,official_url,un_agency,yes
40,The Value of Comprehensive Guideline-Directed Therapy for Heart Failure With Reduced Ejection Fraction,"Dhruv S. Kazi, Paul Heidenreich (2023). The Value of Comprehensive Guideline-Directed Therapy for Heart Failure With Reduced Ejection Fraction. JACC: Heart Failure. https://doi.org/10.1016/j.jchf.2023.02.014",10.1016/j.jchf.2023.02.014,,https://doi.org/10.1016/j.jchf.2023.02.014,crossref,international_guideline,no
41,Semaglutide in Patients with Heart Failure with Preserved Ejection Fraction and Obesity,"Mikhail N. Kosiborod, Steen Z. Abildstrøm, Barry A. Borlaug et al. (2023). Semaglutide in Patients with Heart Failure with Preserved Ejection Fraction and Obesity. New England Journal of Medicine. https://doi.org/10.1056/nejmoa2306963",10.1056/nejmoa2306963,,https://doi.org/10.1056/nejmoa2306963,crossref,paywalled_journal,yes
42,Optimization of GDMT for patients with heart failure and reduced ejection fraction: can physiological and biological barriers explain the gaps in adherence to heart failure guidelines?,"Marilyne Jarjour, Anique Ducharme (2023). Optimization of GDMT for patients with heart failure and reduced ejection fraction: can physiological and biological barriers explain the gaps in adherence to heart failure guidelines?. Drugs in Context. https://doi.org/10.7573/dic.2023-5-6",10.7573/dic.2023-5-6,,https://doi.org/10.7573/dic.2023-5-6,crossref,international_guideline,yes
43,Noncommunicable diseases — WHO South-East Asia, (2023). Noncommunicable diseases — WHO South-East Asia. WHO SEARO.,,,https://www.who.int/southeastasia/health-topics/noncommunicable-diseases,official_url,un_agency,yes
44,Noncommunicable diseases — WHO Europe, (2023). Noncommunicable diseases — WHO Europe. WHO Europe.,,,https://www.who.int/europe/health-topics/noncommunicable-diseases,official_url,un_agency,yes
45,Noncommunicable diseases — WHO Eastern Mediterranean, (2023). Noncommunicable diseases — WHO Eastern Mediterranean. WHO EMRO.,,,https://www.emro.who.int/noncommunicable-diseases/index.html,official_url,un_agency,yes
46,Noncommunicable diseases — PAHO, (2023). Noncommunicable diseases — PAHO. PAHO / WHO Americas.,,,https://www.paho.org/en/topics/noncommunicable-diseases,official_url,un_agency,yes
47,Noncommunicable diseases fact sheet, (2023). Noncommunicable diseases fact sheet. World Health Organization.,,,https://www.who.int/news-room/fact-sheets/detail/noncommunicable-diseases,official_url,un_agency,yes
48,Mapping the aetiological foundations of the heart failure spectrum using human genetics,"Albert Henry, Xiaodong Mo, Chris Finan et al. (2023). Mapping the aetiological foundations of the heart failure spectrum using human genetics. Indexed journal. https://doi.org/10.1101/2023.10.01.23296379",10.1101/2023.10.01.23296379,,https://doi.org/10.1101/2023.10.01.23296379,crossref,open_access,yes
49,Hypertension — WHO Europe, (2023). Hypertension — WHO Europe. WHO Europe.,,,https://www.who.int/europe/health-topics/hypertension,official_url,un_agency,yes
50,Hypertension fact sheet, (2023). Hypertension fact sheet. World Health Organization.,,,https://www.who.int/news-room/fact-sheets/detail/hypertension,official_url,un_agency,yes
51,Heart failure in Nigeria: protocol for a systematic review and meta-analysis,"Okechukwu S Ogah, Oyewole A Kushimo, Adewole Adebiyi et al. (2023). Heart failure in Nigeria: protocol for a systematic review and meta-analysis. African Health Sciences. https://doi.org/10.4314/ahs.v23i2.61",10.4314/ahs.v23i2.61,38223635,https://doi.org/10.4314/ahs.v23i2.61,crossref,paywalled_journal,yes
52,Guideline-Recommended Therapy Following Hospitalization for Heart Failure,"Tauben Averbuch, Stephen J. Greene, Harriette G.C. Van Spall (2023). Guideline-Recommended Therapy Following Hospitalization for Heart Failure. JACC: Heart Failure. https://doi.org/10.1016/j.jchf.2023.07.022",10.1016/j.jchf.2023.07.022,,https://doi.org/10.1016/j.jchf.2023.07.022,crossref,international_guideline,no
53,Guideline-Directed Medical Therapy in Heart Failure,"Amrut V. Ambardekar, Abdelghani El Rafei (2023). Guideline-Directed Medical Therapy in Heart Failure. JACC: Heart Failure. https://doi.org/10.1016/j.jchf.2023.01.005",10.1016/j.jchf.2023.01.005,,https://doi.org/10.1016/j.jchf.2023.01.005,crossref,international_guideline,no
54,Ferric Carboxymaltose in Heart Failure with Iron Deficiency,"Robert J. Mentz, Jyotsna Garg, Frank W. Rockhold et al. (2023). Ferric Carboxymaltose in Heart Failure with Iron Deficiency. New England Journal of Medicine. https://doi.org/10.1056/nejmoa2304968",10.1056/nejmoa2304968,,https://doi.org/10.1056/nejmoa2304968,crossref,paywalled_journal,no
55,Cardiovascular diseases — WHO Western Pacific, (2023). Cardiovascular diseases — WHO Western Pacific. WHO Western Pacific.,,,https://www.who.int/westernpacific/health-topics/cardiovascular-diseases,official_url,un_agency,yes
56,Cardiovascular diseases — WHO South-East Asia, (2023). Cardiovascular diseases — WHO South-East Asia. WHO SEARO.,,,https://www.who.int/southeastasia/health-topics/cardiovascular-diseases,official_url,un_agency,yes
57,Cardiovascular diseases — WHO Europe, (2023). Cardiovascular diseases — WHO Europe. WHO Europe.,,,https://www.who.int/europe/health-topics/cardiovascular-diseases,official_url,un_agency,yes
58,2023 Focused Update of the 2021 ESC Guidelines for the diagnosis and treatment of acute and chronic heart failure,"Theresa A McDonagh, Marco Metra, Marianna Adamo et al. (2023). 2023 Focused Update of the 2021 ESC Guidelines for the diagnosis and treatment of acute and chronic heart failure. European Heart Journal. https://doi.org/10.1093/eurheartj/ehad195",10.1093/eurheartj/ehad195,,https://doi.org/10.1093/eurheartj/ehad195,crossref,international_guideline,yes
59,2023 ESC Guidelines for the management of cardiovascular disease in patients with diabetes,"Nikolaus Marx, Massimo Federici, Katharina Schütt et al. (2023). 2023 ESC Guidelines for the management of cardiovascular disease in patients with diabetes. European Heart Journal. https://doi.org/10.1093/eurheartj/ehad192",10.1093/eurheartj/ehad192,,https://doi.org/10.1093/eurheartj/ehad192,crossref,international_guideline,yes
60,The SGLT2 inhibitor empagliflozin in patients hospitalized for acute heart failure: a multinational randomized trial,"Adriaan A. Voors, Christiane E. Angermann, John R. Teerlink et al. (2022). The SGLT2 inhibitor empagliflozin in patients hospitalized for acute heart failure: a multinational randomized trial. Nature Medicine. https://doi.org/10.1038/s41591-021-01659-1",10.1038/s41591-021-01659-1,,https://doi.org/10.1038/s41591-021-01659-1,crossref,paywalled_journal,yes
61,"Safety, tolerability and efficacy of up-titration of guideline-directed medical therapies for acute heart failure (STRONG-HF): a multinational, open-label, randomised, trial","Alexandre Mebazaa, Beth Davison, Ovidiu Chioncel et al. (2022). Safety, tolerability and efficacy of up-titration of guideline-directed medical therapies for acute heart failure (STRONG-HF): a multinational, open-label, randomised, trial. The Lancet. https://doi.org/10.1016/s0140-6736(22)02076-1",10.1016/s0140-6736(22)02076-1,,https://doi.org/10.1016/s0140-6736(22)02076-1,crossref,international_guideline,yes
62,"Review for ""The prognostic impact of symptom clusters in patients with heart failure: A systematic review and meta-analysis"""," (2022). Review for ""The prognostic impact of symptom clusters in patients with heart failure: A systematic review and meta-analysis"". Indexed journal. https://doi.org/10.1111/jan.15302/v1/review3",10.1111/jan.15302/v1/review3,,https://doi.org/10.1111/jan.15302/v1/review3,crossref,paywalled_journal,no
63,"Management of Hyperglycemia in Type 2 Diabetes, 2022. A Consensus Report by the American Diabetes Association (ADA) and the European Association for the Study of Diabetes (EASD)","Melanie J. Davies, Vanita R. Aroda, Billy S. Collins et al. (2022). Management of Hyperglycemia in Type 2 Diabetes, 2022. A Consensus Report by the American Diabetes Association (ADA) and the European Association for the Study of Diabetes (EASD). Diabetes Care. https://doi.org/10.2337/dci22-0034",10.2337/dci22-0034,36148880,https://doi.org/10.2337/dci22-0034,crossref,paywalled_journal,yes
64,"Intravenous ferric derisomaltose in patients with heart failure and iron deficiency in the UK (IRONMAN): an investigator-initiated, prospective, randomised, open-label, blinded-endpoint trial","Paul R Kalra, John G F Cleland, Mark C Petrie et al. (2022). Intravenous ferric derisomaltose in patients with heart failure and iron deficiency in the UK (IRONMAN): an investigator-initiated, prospective, randomised, open-label, blinded-endpoint trial. The Lancet. https://doi.org/10.1016/s0140-6736(22)02083-9",10.1016/s0140-6736(22)02083-9,,https://doi.org/10.1016/s0140-6736(22)02083-9,crossref,paywalled_journal,yes
65,Dapagliflozin in Heart Failure with Mildly Reduced or Preserved Ejection Fraction,"Scott D. Solomon, John J.V. McMurray, Brian Claggett et al. (2022). Dapagliflozin in Heart Failure with Mildly Reduced or Preserved Ejection Fraction. New England Journal of Medicine. https://doi.org/10.1056/nejmoa2206286",10.1056/nejmoa2206286,,https://doi.org/10.1056/nejmoa2206286,crossref,paywalled_journal,yes
67,Acetazolamide in Acute Decompensated Heart Failure with Volume Overload,"Wilfried Mullens, Jeroen Dauw, Pieter Martens et al. (2022). Acetazolamide in Acute Decompensated Heart Failure with Volume Overload. New England Journal of Medicine. https://doi.org/10.1056/nejmoa2203094",10.1056/nejmoa2203094,,https://doi.org/10.1056/nejmoa2203094,crossref,paywalled_journal,yes
68,2022 AHA/ACC/HFSA Guideline for the Management of Heart Failure: A Report of the American College of Cardiology/American Heart Association Joint Committee on Clinical Practice Guidelines,"Paul A. Heidenreich, Biykem Bozkurt, David Aguilar et al. (2022). 2022 AHA/ACC/HFSA Guideline for the Management of Heart Failure: A Report of the American College of Cardiology/American Heart Association Joint Committee on Clinical Practice Guidelines. Circulation. https://doi.org/10.1161/cir.0000000000001063",10.1161/cir.0000000000001063,35363499,https://doi.org/10.1161/cir.0000000000001063,crossref,national_guideline,yes
69,2022 AHA/ACC/HFSA Guideline for the Management of Heart Failure,"Paul A. Heidenreich, Biykem Bozkurt, David Aguilar et al. (2022). 2022 AHA/ACC/HFSA Guideline for the Management of Heart Failure. Journal of the American College of Cardiology. https://doi.org/10.1016/j.jacc.2021.12.012",10.1016/j.jacc.2021.12.012,,https://doi.org/10.1016/j.jacc.2021.12.012,crossref,national_guideline,no
70,2021 ESC Guidelines for the Diagnosis and Treatment of Acute and Chronic Heart Failure,"Authors/Task Force Members:, Theresa A. McDonagh, Marco Metra et al. (2022). 2021 ESC Guidelines for the Diagnosis and Treatment of Acute and Chronic Heart Failure. European Journal of Heart Failure. https://doi.org/10.1002/ejhf.2333",10.1002/ejhf.2333,,https://doi.org/10.1002/ejhf.2333,crossref,international_guideline,yes
71,Sotagliflozin in Patients with Diabetes and Recent Worsening Heart Failure,"Deepak L. Bhatt, Michael Szarek, P. Gabriel Steg et al. (2021). Sotagliflozin in Patients with Diabetes and Recent Worsening Heart Failure. New England Journal of Medicine. https://doi.org/10.1056/nejmoa2030183",10.1056/nejmoa2030183,,https://doi.org/10.1056/nejmoa2030183,crossref,paywalled_journal,yes
72,Polygenic risk score from a multi-ancestry GWAS uncovers susceptibility of heart failure,"Kuan-Han H. Wu, Nicholas J. Douville, Matthew C. Konerman et al. (2021). Polygenic risk score from a multi-ancestry GWAS uncovers susceptibility of heart failure. Indexed journal. https://doi.org/10.1101/2021.12.06.21267389",10.1101/2021.12.06.21267389,,https://doi.org/10.1101/2021.12.06.21267389,crossref,open_access,yes
73,Obesity and Cardiovascular Disease: A Scientific Statement From the American Heart Association,"Tiffany M. Powell-Wiley, Paul Poirier, Lora E. Burke et al. (2021). Obesity and Cardiovascular Disease: A Scientific Statement From the American Heart Association. Circulation. https://doi.org/10.1161/cir.0000000000000973",10.1161/cir.0000000000000973,33882682,https://doi.org/10.1161/cir.0000000000000973,crossref,paywalled_journal,yes
74,Longitudinal family caregiving experiences in heart failure: Secondary qualitative analysis of interviews,"Soyoung Choi, Lisa Kitko, Judith Hupcey et al. (2021). Longitudinal family caregiving experiences in heart failure: Secondary qualitative analysis of interviews. Heart &amp; Lung. https://doi.org/10.1016/j.hrtlng.2021.05.002",10.1016/j.hrtlng.2021.05.002,,https://doi.org/10.1016/j.hrtlng.2021.05.002,crossref,paywalled_journal,yes
75,Indicațiile actuale ale combinației terapeutice sacubitril/valsartan în insuficiența cardiacă | [Current indications for sacubitril/valsartan therapeutic combination in heart failure],"Nicoleta Cojocaru, Dana Clapon, Loredana Jinga et al. (2021). Indicațiile actuale ale combinației terapeutice sacubitril/valsartan în insuficiența cardiacă | [Current indications for sacubitril/valsartan therapeutic combination in heart failure]. Jurnal Medical Brasovean. https://doi.org/10.31926/jmb.2020.2.10",10.31926/jmb.2020.2.10,,https://doi.org/10.31926/jmb.2020.2.10,crossref,paywalled_journal,yes
76,Impact of Diastolic Dysfunction on Outcome in Heart Failure Patients with Mid-Range or Reduced Ejection Fraction,"Dan Liu, Kai Hu, Kolja Lau et al. (2021). Impact of Diastolic Dysfunction on Outcome in Heart Failure Patients with Mid-Range or Reduced Ejection Fraction. ESC Heart Failure. https://doi.org/10.1002/ehf2.13352",10.1002/ehf2.13352,,https://doi.org/10.1002/ehf2.13352,crossref,open_access,yes
77,HEARTS in the Americas, (2021). HEARTS in the Americas. PAHO / WHO Americas.,,,https://www.paho.org/en/hearts-americas,official_url,un_agency,yes
78,Heart Disease and Stroke Statistics—2021 Update,"Salim S. Virani, Alvaro Alonso, Hugo J. Aparicio et al. (2021). Heart Disease and Stroke Statistics—2021 Update. Circulation. https://doi.org/10.1161/cir.0000000000000950",10.1161/cir.0000000000000950,33501848,https://doi.org/10.1161/cir.0000000000000950,crossref,paywalled_journal,yes
79,Guideline for the pharmacological treatment of hypertension in adults, (2021). Guideline for the pharmacological treatment of hypertension in adults. World Health Organization.,,,https://www.who.int/publications/i/item/9789240033986,official_url,international_guideline,yes
80,Five-year mortality and readmission rates in patients with heart failure in India: Results from the Trivandrum heart failure registry,"Sivadasanpillai Harikrishnan, Panniyammakal Jeemon, Sanjay Ganapathi et al. (2021). Five-year mortality and readmission rates in patients with heart failure in India: Results from the Trivandrum heart failure registry. International Journal of Cardiology. https://doi.org/10.1016/j.ijcard.2020.10.012",10.1016/j.ijcard.2020.10.012,,https://doi.org/10.1016/j.ijcard.2020.10.012,crossref,paywalled_journal,yes
81,ESC Guidelines for the diagnosis and treatment of acute and chronic heart failure, (2021). ESC Guidelines for the diagnosis and treatment of acute and chronic heart failure. European Society of Cardiology.,,,https://www.escardio.org/Guidelines/Clinical-Practice-Guidelines/Acute-and-Chronic-Heart-Failure,official_url,international_guideline,yes
82,Empagliflozin in Heart Failure with a Preserved Ejection Fraction,"Stefan D. Anker, Javed Butler, Gerasimos Filippatos et al. (2021). Empagliflozin in Heart Failure with a Preserved Ejection Fraction. New England Journal of Medicine. https://doi.org/10.1056/nejmoa2107038",10.1056/nejmoa2107038,,https://doi.org/10.1056/nejmoa2107038,crossref,paywalled_journal,yes
83,Diretrizes Brasileiras de Hipertensão Arterial – 2020,"Weimar Kunz Sebba Barroso, Cibele Isaac Saad Rodrigues, Luiz Aparecido Bortolotto et al. (2021). Diretrizes Brasileiras de Hipertensão Arterial – 2020. Arquivos Brasileiros de Cardiologia. https://doi.org/10.36660/abc.20201238",10.36660/abc.20201238,33909761,https://doi.org/10.36660/abc.20201238,crossref,open_access,yes
84,Cardiovascular diseases (CVDs) fact sheet, (2021). Cardiovascular diseases (CVDs) fact sheet. World Health Organization.,,,https://www.who.int/news-room/fact-sheets/detail/cardiovascular-diseases-(cvds),official_url,un_agency,yes
85,Cardiac Myosin Activation with Omecamtiv Mecarbil in Systolic Heart Failure,"John R. Teerlink, Rafael Diaz, G. Michael Felker et al. (2021). Cardiac Myosin Activation with Omecamtiv Mecarbil in Systolic Heart Failure. New England Journal of Medicine. https://doi.org/10.1056/nejmoa2025797",10.1056/nejmoa2025797,,https://doi.org/10.1056/nejmoa2025797,crossref,paywalled_journal,yes
86,Association between adiposity and cardiovascular outcomes: an umbrella review and meta-analysis of observational and Mendelian randomization studies,"Min Seo Kim, Won Jun Kim, Amit V Khera et al. (2021). Association between adiposity and cardiovascular outcomes: an umbrella review and meta-analysis of observational and Mendelian randomization studies. European Heart Journal. https://doi.org/10.1093/eurheartj/ehab454",10.1093/eurheartj/ehab454,34333589,https://doi.org/10.1093/eurheartj/ehab454,crossref,paywalled_journal,yes
87,Angiotensin Receptor–Neprilysin Inhibition in Acute Myocardial Infarction,"Marc A. Pfeffer, Brian Claggett, Eldrin F. Lewis et al. (2021). Angiotensin Receptor–Neprilysin Inhibition in Acute Myocardial Infarction. New England Journal of Medicine. https://doi.org/10.1056/nejmoa2104508",10.1056/nejmoa2104508,,https://doi.org/10.1056/nejmoa2104508,crossref,paywalled_journal,yes
88,2021 ESC Guidelines on cardiovascular disease prevention in clinical practice,"Frank L J Visseren, François Mach, Yvo M Smulders et al. (2021). 2021 ESC Guidelines on cardiovascular disease prevention in clinical practice. European Heart Journal. https://doi.org/10.1093/eurheartj/ehab484",10.1093/eurheartj/ehab484,,https://doi.org/10.1093/eurheartj/ehab484,crossref,international_guideline,yes
89,Vericiguat in Patients with Heart Failure and Reduced Ejection Fraction,"Paul W. Armstrong, Burkert Pieske, Kevin J. Anstrom et al. (2020). Vericiguat in Patients with Heart Failure and Reduced Ejection Fraction. New England Journal of Medicine. https://doi.org/10.1056/nejmoa1915928",10.1056/nejmoa1915928,,https://doi.org/10.1056/nejmoa1915928,crossref,paywalled_journal,yes
90,Sacubitril/valsartan 24/26 Mg Dose Is A Predictor For Higher Mortality Rate In Patients With Heart Failure With Reduced Ejection Fraction Receiving Sacubitril/valsartan: Interim Results,"Kazuhiko Kido, Christopher Bianco, Marco Caccamo et al. (2020). Sacubitril/valsartan 24/26 Mg Dose Is A Predictor For Higher Mortality Rate In Patients With Heart Failure With Reduced Ejection Fraction Receiving Sacubitril/valsartan: Interim Results. Journal of Cardiac Failure. https://doi.org/10.1016/j.cardfail.2020.09.152",10.1016/j.cardfail.2020.09.152,,https://doi.org/10.1016/j.cardfail.2020.09.152,crossref,paywalled_journal,no
91,HEARTS technical package for cardiovascular disease management in primary health care, (2020). HEARTS technical package for cardiovascular disease management in primary health care. World Health Organization.,,,https://www.who.int/publications/i/item/hearts-technical-package,official_url,international_guideline,yes
92,HEARTS technical package (WHO IRIS), (2020). HEARTS technical package (WHO IRIS). World Health Organization.,,,https://iris.who.int/handle/10665/333221,official_url,international_guideline,yes
93,"Global Burden of Cardiovascular Diseases and Risk Factors, 1990–2019","Gregory A. Roth, George A. Mensah, Catherine O. Johnson et al. (2020). Global Burden of Cardiovascular Diseases and Risk Factors, 1990–2019. Journal of the American College of Cardiology. https://doi.org/10.1016/j.jacc.2020.11.010",10.1016/j.jacc.2020.11.010,33309175,https://doi.org/10.1016/j.jacc.2020.11.010,crossref,open_access,yes
94,"Global burden of 87 risk factors in 204 countries and territories, 1990–2019: a systematic analysis for the Global Burden of Disease Study 2019","Christopher J L Murray, Aleksandr Y Aravkin, Peng Zheng et al. (2020). Global burden of 87 risk factors in 204 countries and territories, 1990–2019: a systematic analysis for the Global Burden of Disease Study 2019. The Lancet. https://doi.org/10.1016/s0140-6736(20)30752-2",10.1016/s0140-6736(20)30752-2,,https://doi.org/10.1016/s0140-6736(20)30752-2,crossref,open_access,yes
95,"Global burden of 369 diseases and injuries in 204 countries and territories, 1990–2019: a systematic analysis for the Global Burden of Disease Study 2019","Theo Vos, Stephen S Lim, Cristiana Abbafati et al. (2020). Global burden of 369 diseases and injuries in 204 countries and territories, 1990–2019: a systematic analysis for the Global Burden of Disease Study 2019. The Lancet. https://doi.org/10.1016/s0140-6736(20)30925-9",10.1016/s0140-6736(20)30925-9,,https://doi.org/10.1016/s0140-6736(20)30925-9,crossref,open_access,yes
96,"Ferric carboxymaltose for iron deficiency at discharge after acute heart failure: a multicentre, double-blind, randomised, controlled trial","Piotr Ponikowski, Bridget-Anne Kirwan, Stefan D Anker et al. (2020). Ferric carboxymaltose for iron deficiency at discharge after acute heart failure: a multicentre, double-blind, randomised, controlled trial. The Lancet. https://doi.org/10.1016/s0140-6736(20)32339-4",10.1016/s0140-6736(20)32339-4,,https://doi.org/10.1016/s0140-6736(20)32339-4,crossref,paywalled_journal,yes
97,Cardiovascular and Renal Outcomes with Empagliflozin in Heart Failure,"Milton Packer, Stefan D. Anker, Javed Butler et al. (2020). Cardiovascular and Renal Outcomes with Empagliflozin in Heart Failure. New England Journal of Medicine. https://doi.org/10.1056/nejmoa2022190",10.1056/nejmoa2022190,,https://doi.org/10.1056/nejmoa2022190,crossref,paywalled_journal,yes
98,Aldosterone antagonists in addition to renin angiotensin system antagonists for preventing the progression of chronic kidney disease,"Edmund YM Chung, Marinella Ruospo, Patrizia Natale et al. (2020). Aldosterone antagonists in addition to renin angiotensin system antagonists for preventing the progression of chronic kidney disease. Cochrane Database of Systematic Reviews. https://doi.org/10.1002/14651858.cd007004.pub4",10.1002/14651858.cd007004.pub4,33107592,https://doi.org/10.1002/14651858.cd007004.pub4,crossref,paywalled_journal,yes
99,2020 International Society of Hypertension Global Hypertension Practice Guidelines,"Thomas Unger, Claudio Borghi, Fadi Charchar et al. (2020). 2020 International Society of Hypertension Global Hypertension Practice Guidelines. Hypertension. https://doi.org/10.1161/hypertensionaha.120.15026",10.1161/hypertensionaha.120.15026,,https://doi.org/10.1161/hypertensionaha.120.15026,crossref,international_guideline,yes
100,World Heart Federation Roadmap for Heart Failure,"João Pedro Ferreira, Sarah Kraus, Sharon Mitchell et al. (2019). World Heart Federation Roadmap for Heart Failure. Global Heart. https://doi.org/10.1016/j.gheart.2019.07.004",10.1016/j.gheart.2019.07.004,,https://doi.org/10.1016/j.gheart.2019.07.004,crossref,ngo,yes
101,Hemodynamic Congestion at Hospital Discharge Predicts Rehospitalization during Short Term Follow Up in Acute Heart Failure Patients,"Yoga Waranugraha, Mohammad Saifur Rohman, Setyasih Anjarwani (2019). Hemodynamic Congestion at Hospital Discharge Predicts Rehospitalization during Short Term Follow Up in Acute Heart Failure Patients. Indonesian Journal of Cardiology. https://doi.org/10.30701/ijc.v40i3.805",10.30701/ijc.v40i3.805,,https://doi.org/10.30701/ijc.v40i3.805,crossref,open_access,yes
102,Exercise-based cardiac rehabilitation for adults with heart failure,"Linda Long, Ify R Mordi, Charlene Bridges et al. (2019). Exercise-based cardiac rehabilitation for adults with heart failure. Cochrane Database of Systematic Reviews. https://doi.org/10.1002/14651858.cd003331.pub5",10.1002/14651858.cd003331.pub5,30695817,https://doi.org/10.1002/14651858.cd003331.pub5,crossref,paywalled_journal,yes
104,Dilated cardiomyopathy,"Heinz-Peter Schultheiss, DeLisa Fairweather, Alida L. P. Caforio et al. (2019). Dilated cardiomyopathy. Nature Reviews Disease Primers. https://doi.org/10.1038/s41572-019-0084-1",10.1038/s41572-019-0084-1,31073128,https://doi.org/10.1038/s41572-019-0084-1,crossref,open_access,yes
105,Dapagliflozin in Patients with Heart Failure and Reduced Ejection Fraction,"John J.V. McMurray, Scott D. Solomon, Silvio E. Inzucchi et al. (2019). Dapagliflozin in Patients with Heart Failure and Reduced Ejection Fraction. New England Journal of Medicine. https://doi.org/10.1056/nejmoa1911303",10.1056/nejmoa1911303,,https://doi.org/10.1056/nejmoa1911303,crossref,paywalled_journal,yes
106,Association of Change in N-Terminal Pro–B-Type Natriuretic Peptide Following Initiation of Sacubitril-Valsartan Treatment With Cardiac Structure and Function in Patients With Heart Failure With Reduced Ejection Fraction,"James L. Januzzi, Margaret F. Prescott, Javed Butler et al. (2019). Association of Change in N-Terminal Pro–B-Type Natriuretic Peptide Following Initiation of Sacubitril-Valsartan Treatment With Cardiac Structure and Function in Patients With Heart Failure With Reduced Ejection Fraction. JAMA. https://doi.org/10.1001/jama.2019.12821",10.1001/jama.2019.12821,31475295,https://doi.org/10.1001/jama.2019.12821,crossref,paywalled_journal,yes
107,Angiotensin–Neprilysin Inhibition in Heart Failure with Preserved Ejection Fraction,"Scott D. Solomon, John J.V. McMurray, Inder S. Anand et al. (2019). Angiotensin–Neprilysin Inhibition in Heart Failure with Preserved Ejection Fraction. New England Journal of Medicine. https://doi.org/10.1056/nejmoa1908655",10.1056/nejmoa1908655,,https://doi.org/10.1056/nejmoa1908655,crossref,paywalled_journal,yes
108,Angiotensin–Neprilysin Inhibition in Acute Decompensated Heart Failure,"Eric J. Velazquez, David A. Morrow, Adam D. DeVore et al. (2019). Angiotensin–Neprilysin Inhibition in Acute Decompensated Heart Failure. New England Journal of Medicine. https://doi.org/10.1056/nejmoa1812851",10.1056/nejmoa1812851,,https://doi.org/10.1056/nejmoa1812851,crossref,paywalled_journal,yes
109,2019 ESC/EAS Guidelines for the management of dyslipidaemias: lipid modification to reduce cardiovascular risk,"François Mach, Colin Baigent, Alberico L Catapano et al. (2019). 2019 ESC/EAS Guidelines for the management of dyslipidaemias: lipid modification to reduce cardiovascular risk. European Heart Journal. https://doi.org/10.1093/eurheartj/ehz455",10.1093/eurheartj/ehz455,,https://doi.org/10.1093/eurheartj/ehz455,crossref,international_guideline,yes
110,"2019 ESC Guidelines on diabetes, pre-diabetes, and cardiovascular diseases developed in collaboration with the EASD","Francesco Cosentino, Peter J Grant, Victor Aboyans et al. (2019). 2019 ESC Guidelines on diabetes, pre-diabetes, and cardiovascular diseases developed in collaboration with the EASD. European Heart Journal. https://doi.org/10.1093/eurheartj/ehz486",10.1093/eurheartj/ehz486,,https://doi.org/10.1093/eurheartj/ehz486,crossref,international_guideline,yes
111,2019 ACC/AHA Guideline on the Primary Prevention of Cardiovascular Disease: A Report of the American College of Cardiology/American Heart Association Task Force on Clinical Practice Guidelines,"Donna K. Arnett, Roger S. Blumenthal, Michelle A. Albert et al. (2019). 2019 ACC/AHA Guideline on the Primary Prevention of Cardiovascular Disease: A Report of the American College of Cardiology/American Heart Association Task Force on Clinical Practice Guidelines. Circulation. https://doi.org/10.1161/cir.0000000000000678",10.1161/cir.0000000000000678,30879355,https://doi.org/10.1161/cir.0000000000000678,crossref,national_guideline,yes
112,2018 AHA/ACC/AACVPR/AAPA/ABC/ACPM/ADA/AGS/APhA/ASPC/NLA/PCNA Guideline on the Management of Blood Cholesterol: A Report of the American College of Cardiology/American Heart Association Task Force on Clinical Practice Guidelines,"Scott M. Grundy, Neil J. Stone, Alison L. Bailey et al. (2019). 2018 AHA/ACC/AACVPR/AAPA/ABC/ACPM/ADA/AGS/APhA/ASPC/NLA/PCNA Guideline on the Management of Blood Cholesterol: A Report of the American College of Cardiology/American Heart Association Task Force on Clinical Practice Guidelines. Circulation. https://doi.org/10.1161/cir.0000000000000625",10.1161/cir.0000000000000625,30586774,https://doi.org/10.1161/cir.0000000000000625,crossref,national_guideline,yes
113,Transcatheter Mitral-Valve Repair in Patients with Heart Failure,"Gregg W. Stone, JoAnn Lindenfeld, William T. Abraham et al. (2018). Transcatheter Mitral-Valve Repair in Patients with Heart Failure. New England Journal of Medicine. https://doi.org/10.1056/nejmoa1806640",10.1056/nejmoa1806640,,https://doi.org/10.1056/nejmoa1806640,crossref,paywalled_journal,yes
114,Technical package for cardiovascular disease management in primary health care: team-based care, (2018). Technical package for cardiovascular disease management in primary health care: team-based care. World Health Organization.,,,https://iris.who.int/handle/10665/260424,official_url,international_guideline,yes
115,Sacubitril/Valsartan,Ragavendra R. Baliga (2018). Sacubitril/Valsartan. Heart Failure Clinics. https://doi.org/10.1016/j.hfc.2018.06.012,10.1016/j.hfc.2018.06.012,,https://doi.org/10.1016/j.hfc.2018.06.012,crossref,paywalled_journal,no
116,Problems experienced by informal caregivers of individuals with heart failure: An integrative review,"Joan S. Grant, Lucinda J. Graven (2018). Problems experienced by informal caregivers of individuals with heart failure: An integrative review. International Journal of Nursing Studies. https://doi.org/10.1016/j.ijnurstu.2017.12.016",10.1016/j.ijnurstu.2017.12.016,29353711,https://doi.org/10.1016/j.ijnurstu.2017.12.016,crossref,paywalled_journal,no
117,Management protocols for chronic heart failure in India,"S. Mishra, J.C. Mohan, Tiny Nair et al. (2018). Management protocols for chronic heart failure in India. Indian Heart Journal. https://doi.org/10.1016/j.ihj.2017.11.015",10.1016/j.ihj.2017.11.015,,https://doi.org/10.1016/j.ihj.2017.11.015,crossref,paywalled_journal,yes
119,"Global, regional, and national age-sex-specific mortality for 282 causes of death in 195 countries and territories, 1980–2017: a systematic analysis for the Global Burden of Disease Study 2017","Gregory A Roth, Degu Abate, Kalkidan Hassen Abate et al. (2018). Global, regional, and national age-sex-specific mortality for 282 causes of death in 195 countries and territories, 1980–2017: a systematic analysis for the Global Burden of Disease Study 2017. The Lancet. https://doi.org/10.1016/s0140-6736(18)32203-7",10.1016/s0140-6736(18)32203-7,,https://doi.org/10.1016/s0140-6736(18)32203-7,crossref,open_access,yes
120,Evaluation and Management of Right-Sided Heart Failure: A Scientific Statement From the American Heart Association,"Marvin A. Konstam, Michael S. Kiernan, Daniel Bernstein et al. (2018). Evaluation and Management of Right-Sided Heart Failure: A Scientific Statement From the American Heart Association. Circulation. https://doi.org/10.1161/cir.0000000000000560",10.1161/cir.0000000000000560,,https://doi.org/10.1161/cir.0000000000000560,crossref,international_guideline,yes
121,Chronic heart failure in adults: diagnosis and management (NICE NG106), (2018). Chronic heart failure in adults: diagnosis and management (NICE NG106). NICE.,,,https://www.nice.org.uk/guidance/ng106,official_url,national_guideline,yes
122,The lived experience of caregivers of persons with heart failure: A phenomenological study,"Antonio Petruzzo, Marco Paturzo, Monica Naletto et al. (2017). The lived experience of caregivers of persons with heart failure: A phenomenological study. European Journal of Cardiovascular Nursing. https://doi.org/10.1177/1474515117707666",10.1177/1474515117707666,,https://doi.org/10.1177/1474515117707666,crossref,paywalled_journal,no
123,Sacubitril and valsartan fixed combination to reduce heart failure events in post-acute myocardial infarction patients,"Zaid Iskandar, M., Lang, C.C. (2017). Sacubitril and valsartan fixed combination to reduce heart failure events in post-acute myocardial infarction patients. Drugs of Today. https://doi.org/10.1358/dot.2017.53.10.2722396",10.1358/dot.2017.53.10.2722396,,https://doi.org/10.1358/dot.2017.53.10.2722396,crossref,paywalled_journal,yes
124,Living with breathlessness in chronic heart failure: a qualitative study,"Helen Walthall, Crispin Jenkinson, Mary Boulton (2017). Living with breathlessness in chronic heart failure: a qualitative study. Journal of Clinical Nursing. https://doi.org/10.1111/jocn.13615",10.1111/jocn.13615,,https://doi.org/10.1111/jocn.13615,crossref,paywalled_journal,yes
125,Heart Disease and Stroke Statistics—2017 Update: A Report From the American Heart Association,"Emelia J. Benjamin, Michael J. Blaha, Stephanie E. Chiuve et al. (2017). Heart Disease and Stroke Statistics—2017 Update: A Report From the American Heart Association. Circulation. https://doi.org/10.1161/cir.0000000000000485",10.1161/cir.0000000000000485,28122885,https://doi.org/10.1161/cir.0000000000000485,crossref,paywalled_journal,no
126,"Epidemiology and One-Year Outcomes in Patients With Chronic Heart Failure and Preserved, Mid-Range and Reduced Ejection Fraction: An Analysis of The ESC Heart Failure Long-Term Registry","Ovidiu Chioncel, Mitja Lainscak, Petar M. Seferovic et al. (2017). Epidemiology and One-Year Outcomes in Patients With Chronic Heart Failure and Preserved, Mid-Range and Reduced Ejection Fraction: An Analysis of The ESC Heart Failure Long-Term Registry. European Journal of Heart Failure. https://doi.org/10.1002/ejhf.813",10.1002/ejhf.813,,https://doi.org/10.1002/ejhf.813,crossref,international_guideline,yes
127,‘Who is on your health‐care team?’ Asking individuals with heart failure about care team membership and roles,"Kori A. LaDonna, Joanna Bates, Glendon R. Tait et al. (2016). ‘Who is on your health‐care team?’ Asking individuals with heart failure about care team membership and roles. Health Expectations. https://doi.org/10.1111/hex.12447",10.1111/hex.12447,26929430,https://doi.org/10.1111/hex.12447,crossref,paywalled_journal,yes
128,Spotlight on valsartan&amp;ndash;sacubitril fixed-dose combination for heart failure: the evidence to date,"José F. Vilela-Martin (2016). Spotlight on valsartan&amp;ndash;sacubitril fixed-dose combination for heart failure: the evidence to date. Drug Design, Development and Therapy. https://doi.org/10.2147/dddt.s84782",10.2147/dddt.s84782,27274196,https://doi.org/10.2147/dddt.s84782,crossref,paywalled_journal,yes
130,New Management Strategies in Heart Failure,"Anjali Tiku Owens, Susan C. Brozena, Mariell Jessup (2016). New Management Strategies in Heart Failure. Circulation Research. https://doi.org/10.1161/circresaha.115.306567",10.1161/circresaha.115.306567,26846642,https://doi.org/10.1161/circresaha.115.306567,crossref,paywalled_journal,no
131,New drugs: Sacubitril/valsartan for chronic heart failure, (2016). New drugs: Sacubitril/valsartan for chronic heart failure. Australian Prescriber. https://doi.org/10.18773/austprescr.2016.080,10.18773/austprescr.2016.080,,https://doi.org/10.18773/austprescr.2016.080,crossref,paywalled_journal,yes
132,Neurohormonal activation in heart failure with reduced ejection fraction,"Justin Hartupee, Douglas L. Mann (2016). Neurohormonal activation in heart failure with reduced ejection fraction. Nature Reviews Cardiology. https://doi.org/10.1038/nrcardio.2016.163",10.1038/nrcardio.2016.163,27708278,https://doi.org/10.1038/nrcardio.2016.163,crossref,paywalled_journal,yes
133,Epidemiology and aetiology of heart failure,"Boback Ziaeian, Gregg C. Fonarow (2016). Epidemiology and aetiology of heart failure. Nature Reviews Cardiology. https://doi.org/10.1038/nrcardio.2016.25",10.1038/nrcardio.2016.25,26935038,https://doi.org/10.1038/nrcardio.2016.25,crossref,paywalled_journal,yes
134,Acute rheumatic fever and rheumatic heart disease,"Jonathan R. Carapetis, Andrea Beaton, Madeleine W. Cunningham et al. (2016). Acute rheumatic fever and rheumatic heart disease. Nature Reviews Disease Primers. https://doi.org/10.1038/nrdp.2015.84",10.1038/nrdp.2015.84,,https://doi.org/10.1038/nrdp.2015.84,crossref,open_access,yes
135,Sustainable Development Goal 3 — Good health and well-being, (2015). Sustainable Development Goal 3 — Good health and well-being. United Nations DESA.,,,https://sdgs.un.org/goals/goal3,official_url,un_agency,yes
136,Structured telephone support or non-invasive telemonitoring for patients with heart failure,"Sally C Inglis, Robyn A Clark, Riet Dierckx et al. (2015). Structured telephone support or non-invasive telemonitoring for patients with heart failure. Cochrane Database of Systematic Reviews. https://doi.org/10.1002/14651858.cd007228.pub3",10.1002/14651858.cd007228.pub3,26517969,https://doi.org/10.1002/14651858.cd007228.pub3,crossref,paywalled_journal,yes
137,Sacubitril/valsartan combination fast-tracked to heart failure patients, (2015). Sacubitril/valsartan combination fast-tracked to heart failure patients. The Pharmaceutical Journal. https://doi.org/10.1211/pj.2015.20069267,10.1211/pj.2015.20069267,,https://doi.org/10.1211/pj.2015.20069267,crossref,paywalled_journal,no
138,Recommendations for Cardiac Chamber Quantification by Echocardiography in Adults: An Update from the American Society of Echocardiography and the European Association of Cardiovascular Imaging,"Roberto M. Lang, Luigi P. Badano, Victor Mor-Avi et al. (2015). Recommendations for Cardiac Chamber Quantification by Echocardiography in Adults: An Update from the American Society of Echocardiography and the European Association of Cardiovascular Imaging. Journal of the American Society of Echocardiography. https://doi.org/10.1016/j.echo.2014.10.003",10.1016/j.echo.2014.10.003,,https://doi.org/10.1016/j.echo.2014.10.003,crossref,open_access,yes
139,Good health and well-being — United Nations Sustainable Development Goal 3, (2015). Good health and well-being — United Nations Sustainable Development Goal 3. United Nations.,,,https://www.un.org/sustainabledevelopment/health/,official_url,un_agency,yes
140,"Empagliflozin, Cardiovascular Outcomes, and Mortality in Type 2 Diabetes","Bernard Zinman, Christoph Wanner, John M. Lachin et al. (2015). Empagliflozin, Cardiovascular Outcomes, and Mortality in Type 2 Diabetes. New England Journal of Medicine. https://doi.org/10.1056/nejmoa1504720",10.1056/nejmoa1504720,,https://doi.org/10.1056/nejmoa1504720,crossref,open_access,yes
141,"Clinical Presentation, Management, in-Hospital and 90-Day Outcomes of Heart Failure Patients in Trivandrum, Kerala, India: The Trivandrum Heart Failure Registry","Sivadasanpillai Harikrishnan, Ganapathi Sanjay, Thajudeen Anees et al. (2015). Clinical Presentation, Management, in-Hospital and 90-Day Outcomes of Heart Failure Patients in Trivandrum, Kerala, India: The Trivandrum Heart Failure Registry. European Journal of Heart Failure. https://doi.org/10.1002/ejhf.283",10.1002/ejhf.283,,https://doi.org/10.1002/ejhf.283,crossref,paywalled_journal,yes
142,"“Not the ‘Grim Reaper Service’”: An Assessment of Provider Knowledge, Attitudes, and Perceptions Regarding Palliative Care Referral Barriers in Heart Failure","Dio Kavalieratos, Emma M. Mitchell, Timothy S. Carey et al. (2014). “Not the ‘Grim Reaper Service’”: An Assessment of Provider Knowledge, Attitudes, and Perceptions Regarding Palliative Care Referral Barriers in Heart Failure. Journal of the American Heart Association. https://doi.org/10.1161/jaha.113.000544",10.1161/jaha.113.000544,24385453,https://doi.org/10.1161/jaha.113.000544,crossref,open_access,yes
143,Spironolactone for Heart Failure with Preserved Ejection Fraction,"Bertram Pitt, Marc A. Pfeffer, Susan F. Assmann et al. (2014). Spironolactone for Heart Failure with Preserved Ejection Fraction. New England Journal of Medicine. https://doi.org/10.1056/nejmoa1313731",10.1056/nejmoa1313731,,https://doi.org/10.1056/nejmoa1313731,crossref,paywalled_journal,yes
144,Exercise-based rehabilitation for heart failure,"Rod S Taylor, Viral A Sagar, Edward J Davies et al. (2014). Exercise-based rehabilitation for heart failure. Cochrane Database of Systematic Reviews. https://doi.org/10.1002/14651858.cd003331.pub4",10.1002/14651858.cd003331.pub4,24771460,https://doi.org/10.1002/14651858.cd003331.pub4,crossref,paywalled_journal,yes
145,Cardiac rehabilitation for people with heart disease: an overview of Cochrane systematic reviews,"Lindsey Anderson, Rod S Taylor (2014). Cardiac rehabilitation for people with heart disease: an overview of Cochrane systematic reviews. Cochrane Database of Systematic Reviews. https://doi.org/10.1002/14651858.cd011273.pub2",10.1002/14651858.cd011273.pub2,25503364,https://doi.org/10.1002/14651858.cd011273.pub2,crossref,paywalled_journal,yes
146,Angiotensin–Neprilysin Inhibition versus Enalapril in Heart Failure,"John J.V. McMurray, Milton Packer, Akshay S. Desai et al. (2014). Angiotensin–Neprilysin Inhibition versus Enalapril in Heart Failure. New England Journal of Medicine. https://doi.org/10.1056/nejmoa1409077",10.1056/nejmoa1409077,,https://doi.org/10.1056/nejmoa1409077,crossref,paywalled_journal,yes
147,Global action plan for the prevention and control of noncommunicable diseases 2013-2020, (2013). Global action plan for the prevention and control of noncommunicable diseases 2013-2020. World Health Organization.,,,https://www.who.int/publications/i/item/9789241506236,official_url,un_agency,yes
148,Co-Morbidities in Patients with Heart Failure: An Analysis of the European Heart Failure Pilot Survey,"Vincent M. van Deursen, Renato Urso, Cecile Laroche et al. (2013). Co-Morbidities in Patients with Heart Failure: An Analysis of the European Heart Failure Pilot Survey. European Journal of Heart Failure. https://doi.org/10.1002/ejhf.30",10.1002/ejhf.30,,https://doi.org/10.1002/ejhf.30,crossref,international_guideline,yes
149,Barriers and facilitators to self-care in chronic heart failure: a meta-synthesis of qualitative studies,"Soraya Siabani, Stephen R Leeder, Patricia M Davidson (2013). Barriers and facilitators to self-care in chronic heart failure: a meta-synthesis of qualitative studies. SpringerPlus. https://doi.org/10.1186/2193-1801-2-320",10.1186/2193-1801-2-320,,https://doi.org/10.1186/2193-1801-2-320,crossref,paywalled_journal,yes
150,2013 ACCF/AHA Guideline for the Management of Heart Failure: Executive Summary,"Clyde W. Yancy, Mariell Jessup, Biykem Bozkurt et al. (2013). 2013 ACCF/AHA Guideline for the Management of Heart Failure: Executive Summary. Journal of the American College of Cardiology. https://doi.org/10.1016/j.jacc.2013.05.020",10.1016/j.jacc.2013.05.020,,https://doi.org/10.1016/j.jacc.2013.05.020,crossref,international_guideline,yes
151,2013 ACCF/AHA Guideline for the Management of Heart Failure,"Clyde W. Yancy, Mariell Jessup, Biykem Bozkurt et al. (2013). 2013 ACCF/AHA Guideline for the Management of Heart Failure. Journal of the American College of Cardiology. https://doi.org/10.1016/j.jacc.2013.05.019",10.1016/j.jacc.2013.05.019,23747642,https://doi.org/10.1016/j.jacc.2013.05.019,crossref,international_guideline,yes
152,Pramipexole: risk of heart failure, (2012). Pramipexole: risk of heart failure. WHO IRIS.,,,https://iris.who.int/handle/10665/110311,official_url,un_agency,yes
153,Mobile Phone-Based Telemonitoring for Heart Failure Management: A Randomized Controlled Trial,"Emily Seto, Kevin J Leonard, Joseph A Cafazzo et al. (2012). Mobile Phone-Based Telemonitoring for Heart Failure Management: A Randomized Controlled Trial. Journal of Medical Internet Research. https://doi.org/10.2196/jmir.1909",10.2196/jmir.1909,22356799,https://doi.org/10.2196/jmir.1909,crossref,open_access,yes
154,Hearing the voice of the heart failure patient: key experiences identified in qualitative interviews,Gwaltney (2012). Hearing the voice of the heart failure patient: key experiences identified in qualitative interviews. British Journal of Cardiology. https://doi.org/10.5837/bjc.2012.004,10.5837/bjc.2012.004,,https://doi.org/10.5837/bjc.2012.004,crossref,paywalled_journal,no
155,Wireless pulmonary artery haemodynamic monitoring in chronic heart failure: a randomised controlled trial,"William T Abraham, Philip B Adamson, Robert C Bourge et al. (2011). Wireless pulmonary artery haemodynamic monitoring in chronic heart failure: a randomised controlled trial. The Lancet. https://doi.org/10.1016/s0140-6736(11)60101-3",10.1016/s0140-6736(11)60101-3,,https://doi.org/10.1016/s0140-6736(11)60101-3,crossref,paywalled_journal,no
156,Understanding Patients' Experiences of Treatment Burden in Chronic Heart Failure Using Normalization Process Theory,"K. Gallacher, C. R. May, V. M. Montori et al. (2011). Understanding Patients' Experiences of Treatment Burden in Chronic Heart Failure Using Normalization Process Theory. The Annals of Family Medicine. https://doi.org/10.1370/afm.1249",10.1370/afm.1249,21555751,https://doi.org/10.1370/afm.1249,crossref,paywalled_journal,yes
157,Informal Caregivers' Experiences of Caring for Patients With Chronic Heart Failure,"Xiaofeng Kang, Zheng Li, Marie T. Nolan (2011). Informal Caregivers' Experiences of Caring for Patients With Chronic Heart Failure. Journal of Cardiovascular Nursing. https://doi.org/10.1097/jcn.0b013e3182076a69",10.1097/jcn.0b013e3182076a69,,https://doi.org/10.1097/jcn.0b013e3182076a69,crossref,paywalled_journal,yes
158,Eplerenone in Patients with Systolic Heart Failure and Mild Symptoms,"Faiez Zannad, John J.V. McMurray, Henry Krum et al. (2011). Eplerenone in Patients with Systolic Heart Failure and Mild Symptoms. New England Journal of Medicine. https://doi.org/10.1056/nejmoa1009492",10.1056/nejmoa1009492,,https://doi.org/10.1056/nejmoa1009492,crossref,paywalled_journal,yes
159,The experience of living with chronic heart failure: a narrative review of qualitative studies,"Yun-Hee Jeon, Stefan G Kraus, Tanisha Jowsey et al. (2010). The experience of living with chronic heart failure: a narrative review of qualitative studies. BMC Health Services Research. https://doi.org/10.1186/1472-6963-10-77",10.1186/1472-6963-10-77,,https://doi.org/10.1186/1472-6963-10-77,crossref,paywalled_journal,yes
160,Ivabradine and outcomes in chronic heart failure (SHIFT): a randomised placebo-controlled study,"Karl Swedberg, Michel Komajda, Michael Böhm et al. (2010). Ivabradine and outcomes in chronic heart failure (SHIFT): a randomised placebo-controlled study. The Lancet. https://doi.org/10.1016/s0140-6736(10)61198-1",10.1016/s0140-6736(10)61198-1,,https://doi.org/10.1016/s0140-6736(10)61198-1,crossref,paywalled_journal,yes
161,HFSA 2010 Comprehensive Heart Failure Practice Guideline,Heart Failure Society of America (2010). HFSA 2010 Comprehensive Heart Failure Practice Guideline. Journal of Cardiac Failure. https://doi.org/10.1016/j.cardfail.2010.04.004,10.1016/j.cardfail.2010.04.004,,https://doi.org/10.1016/j.cardfail.2010.04.004,crossref,international_guideline,no
162,Executive Summary: HFSA 2010 Comprehensive Heart Failure Practice Guideline,Heart Failure Society of America (2010). Executive Summary: HFSA 2010 Comprehensive Heart Failure Practice Guideline. Journal of Cardiac Failure. https://doi.org/10.1016/j.cardfail.2010.04.005,10.1016/j.cardfail.2010.04.005,,https://doi.org/10.1016/j.cardfail.2010.04.005,crossref,international_guideline,no
163,"Symptom Burden, Depression, and Spiritual Well-Being: A Comparison of Heart Failure and Advanced Cancer Patients","David B. Bekelman, John S. Rumsfeld, Edward P. Havranek et al. (2009). Symptom Burden, Depression, and Spiritual Well-Being: A Comparison of Heart Failure and Advanced Cancer Patients. Journal of General Internal Medicine. https://doi.org/10.1007/s11606-009-0931-y",10.1007/s11606-009-0931-y,19288160,https://doi.org/10.1007/s11606-009-0931-y,crossref,paywalled_journal,yes
164,Quality of life in patients with heart failure: Ask the patients,"Seongkum Heo, Terry A. Lennie, Chizimuzo Okoli et al. (2009). Quality of life in patients with heart failure: Ask the patients. Heart &amp; Lung. https://doi.org/10.1016/j.hrtlng.2008.04.002",10.1016/j.hrtlng.2008.04.002,19254628,https://doi.org/10.1016/j.hrtlng.2008.04.002,crossref,paywalled_journal,yes
165,An Update on the Self-care of Heart Failure Index,"Barbara Riegel, Christopher S. Lee, Victoria Vaughan Dickson et al. (2009). An Update on the Self-care of Heart Failure Index. Journal of Cardiovascular Nursing. https://doi.org/10.1097/jcn.0b013e3181b4baa0",10.1097/jcn.0b013e3181b4baa0,19786884,https://doi.org/10.1097/jcn.0b013e3181b4baa0,crossref,paywalled_journal,yes
166,Do heart failure specialist nurses think differently when faced with ‘hard’ or ‘easy’ decisions: a judgement analysis,"Carl Thompson, Karen Spilsbury, Dawn Dowding et al. (2008). Do heart failure specialist nurses think differently when faced with ‘hard’ or ‘easy’ decisions: a judgement analysis. Journal of Clinical Nursing. https://doi.org/10.1111/j.1365-2702.2008.02303.x",10.1111/j.1365-2702.2008.02303.x,18705737,https://doi.org/10.1111/j.1365-2702.2008.02303.x,crossref,paywalled_journal,yes
167,Discordance Between Patient-Predicted and Model-Predicted Life Expectancy Among Ambulatory Patients With Heart Failure,Larry A. Allen (2008). Discordance Between Patient-Predicted and Model-Predicted Life Expectancy Among Ambulatory Patients With Heart Failure. JAMA. https://doi.org/10.1001/jama.299.21.2533,10.1001/jama.299.21.2533,18523222,https://doi.org/10.1001/jama.299.21.2533,crossref,paywalled_journal,yes
168,Is mortality from heart failure increasing in Australia? An analysis of official data on mortality for 1997-2003., (2006). Is mortality from heart failure increasing in Australia? An analysis of official data on mortality for 1997-2003.. WHO IRIS.,,,https://iris.who.int/handle/10665/269726,official_url,un_agency,yes
169,Executive Summary: HFSA 2006 Comprehensive Heart Failure Practice Guideline,Heart Failure Society Of America (2006). Executive Summary: HFSA 2006 Comprehensive Heart Failure Practice Guideline. Journal of Cardiac Failure. https://doi.org/10.1016/j.cardfail.2005.12.001,10.1016/j.cardfail.2005.12.001,,https://doi.org/10.1016/j.cardfail.2005.12.001,crossref,international_guideline,no
170,Effects of candesartan on mortality and morbidity in patients with chronic heart failure: the CHARM-Overall programme,"Marc A Pfeffer, Karl Swedberg, Christopher B Granger et al. (2003). Effects of candesartan on mortality and morbidity in patients with chronic heart failure: the CHARM-Overall programme. The Lancet. https://doi.org/10.1016/s0140-6736(03)14282-1",10.1016/s0140-6736(03)14282-1,,https://doi.org/10.1016/s0140-6736(03)14282-1,crossref,paywalled_journal,no
171,Effects of candesartan in patients with chronic heart failure and reduced left-ventricular systolic function taking angiotensin-converting-enzyme inhibitors: the CHARM-Added trial,"John JV McMurray, Jan Östergren, Karl Swedberg et al. (2003). Effects of candesartan in patients with chronic heart failure and reduced left-ventricular systolic function taking angiotensin-converting-enzyme inhibitors: the CHARM-Added trial. The Lancet. https://doi.org/10.1016/s0140-6736(03)14283-3",10.1016/s0140-6736(03)14283-3,,https://doi.org/10.1016/s0140-6736(03)14283-3,crossref,paywalled_journal,no
174,New biochemical markers in chronic heart failure, (2001). New biochemical markers in chronic heart failure. WHO IRIS.,,,https://iris.who.int/handle/10665/119077,official_url,un_agency,yes
175,The Effect of Spironolactone on Morbidity and Mortality in Patients with Severe Heart Failure,"Bertram Pitt, Faiez Zannad, Willem J. Remme et al. (1999). The Effect of Spironolactone on Morbidity and Mortality in Patients with Severe Heart Failure. New England Journal of Medicine. https://doi.org/10.1056/nejm199909023411001",10.1056/nejm199909023411001,,https://doi.org/10.1056/nejm199909023411001,crossref,paywalled_journal,yes
176,Management of heart failure, (1996). Management of heart failure. WHO IRIS.,,,https://iris.who.int/handle/10665/49996,official_url,un_agency,yes
177,Congestive heart failure in women in Iraq, (1964). Congestive heart failure in women in Iraq. WHO IRIS.,,,https://iris.who.int/handle/10665/267087,official_url,un_agency,yes
